{
  "metrics": {
    "http_req_duration": {
      "med": 308.9465,
      "max": 60001.339,
      "p(90)": 597.3921000000003,
      "p(95)": 1101.2561500000004,
      "avg": 914.0428480271822,
      "min": 18.639
    },
    "http_req_blocked": {
      "min": 0.002,
      "med": 0.007,
      "max": 14634.375,
      "p(90)": 0.011,
      "p(95)": 0.013,
      "avg": 4.634040400226984
    },
    "vus_max": {
      "min": 50,
      "max": 50,
      "value": 50
    },
    "http_req_tls_handshaking": {
      "avg": 0.9374012648669061,
      "min": 0,
      "med": 0,
      "max": 307.271,
      "p(90)": 0,
      "p(95)": 0
    },
    "iteration_duration": {
      "min": 1129.457419,
      "med": 1691.84924,
      "max": 61003.843548,
      "p(90)": 2253.9409071,
      "p(95)": 4379.870348899999,
      "avg": 2835.9370921018103
    },
    "iterations": {
      "count": 5304,
      "rate": 17.581193225242316
    },
    "http_req_duration{expected_response:true}": {
      "min": 18.639,
      "med": 308.10699999999997,
      "max": 47876.422,
      "p(90)": 591.4788,
      "p(95)": 1085.3584500000002,
      "avg": 782.9637004922378
    },
    "http_req_connecting": {
      "p(95)": 0,
      "avg": 1.7234998112138944,
      "min": 0,
      "med": 0,
      "max": 14607.109,
      "p(90)": 0
    },
    "http_req_waiting": {
      "p(90)": 530.3586000000003,
      "p(95)": 1090.2083000000002,
      "avg": 877.5370707947892,
      "min": 18.482,
      "med": 282.30150000000003,
      "max": 60001.319
    },
    "http_req_failed": {
      "passes": 30,
      "fails": 10564,
      "value": 0.0028317915801397016
    },
    "data_sent": {
      "count": 1349404,
      "rate": 4472.875652887422
    },
    "http_reqs": {
      "count": 10594,
      "rate": 35.115980586013784
    },
    "vus": {
      "value": 20,
      "min": 20,
      "max": 50
    },
    "http_req_sending": {
      "avg": 0.029655087785537923,
      "min": 0.005,
      "med": 0.02,
      "max": 12.027,
      "p(90)": 0.038,
      "p(95)": 0.046
    },
    "http_req_receiving": {
      "avg": 36.47612214461024,
      "min": 0,
      "med": 1.8625,
      "max": 2028.967,
      "p(90)": 82.7082,
      "p(95)": 94.55390000000001
    },
    "data_received": {
      "count": 854246697,
      "rate": 2831575.4604038512
    }
  },
  "root_group": {
    "name": "",
    "path": "",
    "id": "d41d8cd98f00b204e9800998ecf8427e",
    "groups": {},
    "checks": {}
  }
}
