{
  "root_group": {
    "path": "",
    "id": "d41d8cd98f00b204e9800998ecf8427e",
    "groups": {},
    "checks": {},
    "name": ""
  },
  "metrics": {
    "iterations": {
      "count": 997,
      "rate": 16.315667082495253
    },
    "http_reqs": {
      "rate": 16.315667082495253,
      "count": 997
    },
    "http_req_duration": {
      "avg": 208.6137662988967,
      "min": 112.7,
      "med": 179.018,
      "max": 1395.95,
      "p(90)": 248.8892,
      "p(95)": 319.4339999999999
    },
    "http_req_tls_handshaking": {
      "avg": 1.548620862587763,
      "min": 0,
      "med": 0,
      "max": 115.604,
      "p(90)": 0,
      "p(95)": 0
    },
    "vus_max": {
      "max": 20,
      "value": 20,
      "min": 20
    },
    "data_received": {
      "count": 160573245,
      "rate": 2627742.8362848
    },
    "http_req_waiting": {
      "p(90)": 169.59779999999998,
      "p(95)": 236.88439999999997,
      "avg": 134.64624874623874,
      "min": 57.735,
      "med": 104.462,
      "max": 1297.618
    },
    "http_req_failed": {
      "passes": 0,
      "fails": 997,
      "value": 0
    },
    "vus": {
      "max": 20,
      "value": 2,
      "min": 2
    },
    "http_req_duration{expected_response:true}": {
      "med": 179.018,
      "max": 1395.95,
      "p(90)": 248.8892,
      "p(95)": 319.4339999999999,
      "avg": 208.6137662988967,
      "min": 112.7
    },
    "iteration_duration": {
      "p(95)": 1320.0097514,
      "avg": 1213.0297003480418,
      "min": 1113.709184,
      "med": 1179.687984,
      "max": 2559.724003,
      "p(90)": 1250.0375204
    },
    "http_req_connecting": {
      "p(95)": 0,
      "avg": 0.754245737211635,
      "min": 0,
      "med": 0,
      "max": 38.696,
      "p(90)": 0
    },
    "http_req_sending": {
      "min": 0.008,
      "med": 0.03,
      "max": 3.185,
      "p(90)": 0.051,
      "p(95)": 0.07239999999999985,
      "avg": 0.04039819458375128
    },
    "data_sent": {
      "count": 102472,
      "rate": 1676.9298267577267
    },
    "http_req_blocked": {
      "med": 0.009,
      "max": 214.134,
      "p(90)": 0.014,
      "p(95)": 0.027,
      "avg": 3.5291183550651977,
      "min": 0.003
    },
    "http_req_receiving": {
      "avg": 73.92711935807407,
      "min": 3.605,
      "med": 72.801,
      "max": 242.606,
      "p(90)": 99.2092,
      "p(95)": 103.07679999999999
    }
  }
}
